BFC (%),Temperature (Â°C),Predicted Strength (MPa)
0.0,200.0,5.980949330041565
0.02564102564102564,200.0,6.048590285327112
0.05128205128205128,200.0,6.112854109666808
0.07692307692307693,200.0,6.173740803060651
0.10256410256410256,200.0,6.231250365508641
0.1282051282051282,200.0,6.285382797010781
0.15384615384615385,200.0,6.336138097567067
0.1794871794871795,200.0,6.383516267177502
0.20512820512820512,200.0,6.427517305842084
0.23076923076923075,200.0,6.4681412135608145
0.2564102564102564,200.0,6.505387990333693
0.28205128205128205,200.0,6.53925763616072
0.3076923076923077,200.0,6.5697501510418945
0.3333333333333333,200.0,6.596865534977216
0.358974358974359,200.0,6.620603787966687
0.3846153846153846,200.0,6.640964910010304
0.41025641025641024,200.0,6.657948901108071
0.4358974358974359,200.0,6.6715557612599845
0.4615384615384615,200.0,6.681785490466046
0.48717948717948717,200.0,6.688638088726256
0.5128205128205128,200.0,6.6921135560406135
0.5384615384615384,200.0,6.692211892409119
0.5641025641025641,200.0,6.688933097831773
0.5897435897435898,200.0,6.682277172308574
0.6153846153846154,200.0,6.672244115839524
0.641025641025641,200.0,6.658833928424622
0.6666666666666666,200.0,6.642046610063867
0.6923076923076923,200.0,6.621882160757259
0.717948717948718,200.0,6.5983405805048
0.7435897435897436,200.0,6.571421869306489
0.7692307692307692,200.0,6.541126027162326
0.7948717948717948,200.0,6.507453054072311
0.8205128205128205,200.0,6.470402950036444
0.8461538461538461,200.0,6.429975715054725
0.8717948717948718,200.0,6.386171349127153
0.8974358974358974,200.0,6.3389898522537305
0.923076923076923,200.0,6.288431224434454
0.9487179487179487,200.0,6.234495465669326
0.9743589743589743,200.0,6.177182575958348
1.0,200.0,6.116492555301516
0.0,220.51282051282053,5.977438012833383
0.02564102564102564,220.51282051282053,6.046014833541157
0.05128205128205128,220.51282051282053,6.11121452330308
0.07692307692307693,220.51282051282053,6.1730370821191505
0.10256410256410256,220.51282051282053,6.231482509989368
0.1282051282051282,220.51282051282053,6.286550806913734
0.15384615384615385,220.51282051282053,6.338241972892248
0.1794871794871795,220.51282051282053,6.386556007924909
0.20512820512820512,220.51282051282053,6.43149291201172
0.23076923076923075,220.51282051282053,6.473052685152678
0.2564102564102564,220.51282051282053,6.511235327347784
0.28205128205128205,220.51282051282053,6.546040838597037
0.3076923076923077,220.51282051282053,6.577469218900438
0.3333333333333333,220.51282051282053,6.605520468257987
0.358974358974359,220.51282051282053,6.630194586669686
0.3846153846153846,220.51282051282053,6.65149157413553
0.41025641025641024,220.51282051282053,6.669411430655524
0.4358974358974359,220.51282051282053,6.683954156229665
0.4615384615384615,220.51282051282053,6.695119750857954
0.48717948717948717,220.51282051282053,6.702908214540391
0.5128205128205128,220.51282051282053,6.707319547276976
0.5384615384615384,220.51282051282053,6.708353749067709
0.5641025641025641,220.51282051282053,6.706010819912589
0.5897435897435898,220.51282051282053,6.700290759811618
0.6153846153846154,220.51282051282053,6.6911935687647945
0.641025641025641,220.51282051282053,6.678719246772119
0.6666666666666666,220.51282051282053,6.662867793833592
0.6923076923076923,220.51282051282053,6.643639209949212
0.717948717948718,220.51282051282053,6.62103349511898
0.7435897435897436,220.51282051282053,6.595050649342896
0.7692307692307692,220.51282051282053,6.565690672620961
0.7948717948717948,220.51282051282053,6.532953564953173
0.8205128205128205,220.51282051282053,6.496839326339534
0.8461538461538461,220.51282051282053,6.457347956780041
0.8717948717948718,220.51282051282053,6.414479456274697
0.8974358974358974,220.51282051282053,6.368233824823501
0.923076923076923,220.51282051282053,6.318611062426452
0.9487179487179487,220.51282051282053,6.265611169083551
0.9743589743589743,220.51282051282053,6.209234144794799
1.0,220.51282051282053,6.149479989560195
0.0,241.02564102564102,5.9713482310072985
0.02564102564102564,241.02564102564102,6.040860917137301
0.05128205128205128,241.02564102564102,6.10699647232145
0.07692307692307693,241.02564102564102,6.1697548965597475
0.10256410256410256,241.02564102564102,6.229136189852192
0.1282051282051282,241.02564102564102,6.285140352198786
0.15384615384615385,241.02564102564102,6.337767383599527
0.1794871794871795,241.02564102564102,6.387017284054416
0.20512820512820512,241.02564102564102,6.432890053563453
0.23076923076923075,241.02564102564102,6.475385692126638
0.2564102564102564,241.02564102564102,6.51450419974397
0.28205128205128205,241.02564102564102,6.550245576415452
0.3076923076923077,241.02564102564102,6.58260982214108
0.3333333333333333,241.02564102564102,6.611596936920857
0.358974358974359,241.02564102564102,6.637206920754782
0.3846153846153846,241.02564102564102,6.659439773642854
0.41025641025641024,241.02564102564102,6.678295495585075
0.4358974358974359,241.02564102564102,6.693774086581443
0.4615384615384615,241.02564102564102,6.705875546631959
0.48717948717948717,241.02564102564102,6.714599875736623
0.5128205128205128,241.02564102564102,6.719947073895435
0.5384615384615384,241.02564102564102,6.7219171411083956
0.5641025641025641,241.02564102564102,6.720510077375503
0.5897435897435898,241.02564102564102,6.715725882696759
0.6153846153846154,241.02564102564102,6.707564557072163
0.641025641025641,241.02564102564102,6.696026100501715
0.6666666666666666,241.02564102564102,6.6811105129854145
0.6923076923076923,241.02564102564102,6.662817794523262
0.717948717948718,241.02564102564102,6.641147945115257
0.7435897435897436,241.02564102564102,6.616100964761401
0.7692307692307692,241.02564102564102,6.5876768534616925
0.7948717948717948,241.02564102564102,6.555875611216132
0.8205128205128205,241.02564102564102,6.520697238024719
0.8461538461538461,241.02564102564102,6.482141733887454
0.8717948717948718,241.02564102564102,6.4402090988043375
0.8974358974358974,241.02564102564102,6.394899332775369
0.923076923076923,241.02564102564102,6.346212435800547
0.9487179487179487,241.02564102564102,6.294148407879874
0.9743589743589743,241.02564102564102,6.238707249013348
1.0,241.02564102564102,6.179888959200971
0.0,261.53846153846155,5.9626799845633105
0.02564102564102564,261.53846153846155,6.033128536115539
0.05128205128205128,261.53846153846155,6.100199956721917
0.07692307692307693,261.53846153846155,6.1638942463824415
0.10256410256410256,261.53846153846155,6.224211405097114
0.1282051282051282,261.53846153846155,6.281151432865934
0.15384615384615385,261.53846153846155,6.334714329688902
0.1794871794871795,261.53846153846155,6.384900095566018
0.20512820512820512,261.53846153846155,6.431708730497283
0.23076923076923075,261.53846153846155,6.475140234482695
0.2564102564102564,261.53846153846155,6.515194607522256
0.28205128205128205,261.53846153846155,6.551871849615964
0.3076923076923077,261.53846153846155,6.585171960763819
0.3333333333333333,261.53846153846155,6.615094940965823
0.358974358974359,261.53846153846155,6.641640790221975
0.3846153846153846,261.53846153846155,6.664809508532274
0.41025641025641024,261.53846153846155,6.684601095896722
0.4358974358974359,261.53846153846155,6.701015552315318
0.4615384615384615,261.53846153846155,6.7140528777880615
0.48717948717948717,261.53846153846155,6.723713072314953
0.5128205128205128,261.53846153846155,6.729996135895991
0.5384615384615384,261.53846153846155,6.732902068531179
0.5641025641025641,261.53846153846155,6.732430870220514
0.5897435897435898,261.53846153846155,6.728582540963997
0.6153846153846154,261.53846153846155,6.721357080761629
0.641025641025641,261.53846153846155,6.710754489613408
0.6666666666666666,261.53846153846155,6.696774767519335
0.6923076923076923,261.53846153846155,6.6794179144794095
0.717948717948718,261.53846153846155,6.658683930493631
0.7435897435897436,261.53846153846155,6.634572815562002
0.7692307692307692,261.53846153846155,6.607084569684521
0.7948717948717948,261.53846153846155,6.576219192861188
0.8205128205128205,261.53846153846155,6.541976685092003
0.8461538461538461,261.53846153846155,6.504357046376965
0.8717948717948718,261.53846153846155,6.463360276716076
0.8974358974358974,261.53846153846155,6.418986376109333
0.923076923076923,261.53846153846155,6.371235344556739
0.9487179487179487,261.53846153846155,6.320107182058293
0.9743589743589743,261.53846153846155,6.265601888613995
1.0,261.53846153846155,6.207719464223845
0.0,282.05128205128204,5.951433273501419
0.02564102564102564,282.05128205128204,6.0228176904758755
0.05128205128205128,282.05128205128204,6.0908249765044795
0.07692307692307693,282.05128205128204,6.155455131587232
0.10256410256410256,282.05128205128204,6.21670815572413
0.1282051282051282,282.05128205128204,6.2745840489151785
0.15384615384615385,282.05128205128204,6.329082811160374
0.1794871794871795,282.05128205128204,6.380204442459717
0.20512820512820512,282.05128205128204,6.427948942813209
0.23076923076923075,282.05128205128204,6.4723163122208485
0.2564102564102564,282.05128205128204,6.5133065506826355
0.28205128205128205,282.05128205128204,6.550919658198571
0.3076923076923077,282.05128205128204,6.585155634768654
0.3333333333333333,282.05128205128204,6.616014480392885
0.358974358974359,282.05128205128204,6.643496195071265
0.3846153846153846,282.05128205128204,6.6676007788037905
0.41025641025641024,282.05128205128204,6.688328231590466
0.4358974358974359,282.05128205128204,6.705678553431289
0.4615384615384615,282.05128205128204,6.719651744326259
0.48717948717948717,282.05128205128204,6.730247804275378
0.5128205128205128,282.05128205128204,6.737466733278644
0.5384615384615384,282.05128205128204,6.74130853133606
0.5641025641025641,282.05128205128204,6.741773198447621
0.5897435897435898,282.05128205128204,6.738860734613332
0.6153846153846154,282.05128205128204,6.73257113983319
0.641025641025641,282.05128205128204,6.722904414107197
0.6666666666666666,282.05128205128204,6.70986055743535
0.6923076923076923,282.05128205128204,6.693439569817652
0.717948717948718,282.05128205128204,6.6736414512541025
0.7435897435897436,282.05128205128204,6.6504662017447
0.7692307692307692,282.05128205128204,6.623913821289446
0.7948717948717948,282.05128205128204,6.593984309888341
0.8205128205128205,282.05128205128204,6.560677667541382
0.8461538461538461,282.05128205128204,6.523993894248571
0.8717948717948718,282.05128205128204,6.483932990009909
0.8974358974358974,282.05128205128204,6.440494954825395
0.923076923076923,282.05128205128204,6.393679788695027
0.9487179487179487,282.05128205128204,6.343487491618808
0.9743589743589743,282.05128205128204,6.289918063596738
1.0,282.05128205128204,6.232971504628815
0.0,302.56410256410254,5.9376080978216255
0.02564102564102564,302.56410256410254,6.009928380218308
0.05128205128205128,302.56410256410254,6.07887153166914
0.07692307692307693,302.56410256410254,6.144437552174119
0.10256410256410256,302.56410256410254,6.2066264417332455
0.1282051282051282,302.56410256410254,6.265438200346521
0.15384615384615385,302.56410256410254,6.320872828013943
0.1794871794871795,302.56410256410254,6.372930324735514
0.20512820512820512,302.56410256410254,6.4216106905112325
0.23076923076923075,302.56410256410254,6.4669139253411
0.2564102564102564,302.56410256410254,6.508840029225113
0.28205128205128205,302.56410256410254,6.547389002163277
0.3076923076923077,302.56410256410254,6.582560844155587
0.3333333333333333,302.56410256410254,6.614355555202045
0.358974358974359,302.56410256410254,6.642773135302652
0.3846153846153846,302.56410256410254,6.667813584457405
0.41025641025641024,302.56410256410254,6.689476902666308
0.4358974358974359,302.56410256410254,6.707763089929358
0.4615384615384615,302.56410256410254,6.7226721462465555
0.48717948717948717,302.56410256410254,6.734204071617902
0.5128205128205128,302.56410256410254,6.742358866043395
0.5384615384615384,302.56410256410254,6.747136529523037
0.5641025641025641,302.56410256410254,6.748537062056826
0.5897435897435898,302.56410256410254,6.746560463644764
0.6153846153846154,302.56410256410254,6.74120673428685
0.641025641025641,302.56410256410254,6.732475873983083
0.6666666666666666,302.56410256410254,6.7203678827334645
0.6923076923076923,302.56410256410254,6.704882760537993
0.717948717948718,302.56410256410254,6.6860205073966705
0.7435897435897436,302.56410256410254,6.663781123309496
0.7692307692307692,302.56410256410254,6.638164608276469
0.7948717948717948,302.56410256410254,6.609170962297591
0.8205128205128205,302.56410256410254,6.576800185372859
0.8461538461538461,302.56410256410254,6.541052277502276
0.8717948717948718,302.56410256410254,6.50192723868584
0.8974358974358974,302.56410256410254,6.4594250689235535
0.923076923076923,302.56410256410254,6.413545768215414
0.9487179487179487,302.56410256410254,6.364289336561422
0.9743589743589743,302.56410256410254,6.311655773961578
1.0,302.56410256410254,6.255645080415882
0.0,323.0769230769231,5.921204457523928
0.02564102564102564,323.0769230769231,5.994460605342839
0.05128205128205128,323.0769230769231,6.064339622215898
0.07692307692307693,323.0769230769231,6.130841508143104
0.10256410256410256,323.0769230769231,6.193966263124458
0.1282051282051282,323.0769230769231,6.25371388715996
0.15384615384615385,323.0769230769231,6.31008438024961
0.1794871794871795,323.0769230769231,6.363077742393408
0.20512820512820512,323.0769230769231,6.412693973591353
0.23076923076923075,323.0769230769231,6.458933073843448
0.2564102564102564,323.0769230769231,6.50179504314969
0.28205128205128205,323.0769230769231,6.541279881510079
0.3076923076923077,323.0769230769231,6.5773875889246165
0.3333333333333333,323.0769230769231,6.6101181653933025
0.358974358974359,323.0769230769231,6.639471610916136
0.3846153846153846,323.0769230769231,6.665447925493117
0.41025641025641024,323.0769230769231,6.688047109124247
0.4358974358974359,323.0769230769231,6.707269161809523
0.4615384615384615,323.0769230769231,6.723114083548949
0.48717948717948717,323.0769230769231,6.735581874342522
0.5128205128205128,323.0769230769231,6.744672534190243
0.5384615384615384,323.0769230769231,6.750386063092112
0.5641025641025641,323.0769230769231,6.752722461048129
0.5897435897435898,323.0769230769231,6.751681728058293
0.6153846153846154,323.0769230769231,6.747263864122606
0.641025641025641,323.0769230769231,6.739468869241067
0.6666666666666666,323.0769230769231,6.728296743413675
0.6923076923076923,323.0769230769231,6.713747486640432
0.717948717948718,323.0769230769231,6.695821098921336
0.7435897435897436,323.0769230769231,6.6745175802563885
0.7692307692307692,323.0769230769231,6.649836930645589
0.7948717948717948,323.0769230769231,6.621779150088938
0.8205128205128205,323.0769230769231,6.590344238586433
0.8461538461538461,323.0769230769231,6.555532196138077
0.8717948717948718,323.0769230769231,6.517343022743869
0.8974358974358974,323.0769230769231,6.475776718403809
0.923076923076923,323.0769230769231,6.430833283117897
0.9487179487179487,323.0769230769231,6.382512716886132
0.9743589743589743,323.0769230769231,6.330815019708516
1.0,323.0769230769231,6.275740191585047
0.0,343.5897435897436,5.9022223526083275
0.02564102564102564,343.5897435897436,5.976414365849466
0.05128205128205128,343.5897435897436,6.047229248144752
0.07692307692307693,343.5897435897436,6.114666999494185
0.10256410256410256,343.5897435897436,6.178727619897765
0.1282051282051282,343.5897435897436,6.239411109355496
0.15384615384615385,343.5897435897436,6.2967174678673725
0.1794871794871795,343.5897435897436,6.350646695433397
0.20512820512820512,343.5897435897436,6.401198792053571
0.23076923076923075,343.5897435897436,6.448373757727892
0.2564102564102564,343.5897435897436,6.49217159245636
0.28205128205128205,343.5897435897436,6.532592296238978
0.3076923076923077,343.5897435897436,6.569635869075743
0.3333333333333333,343.5897435897436,6.603302310966655
0.358974358974359,343.5897435897436,6.633591621911716
0.3846153846153846,343.5897435897436,6.660503801910925
0.41025641025641024,343.5897435897436,6.684038850964281
0.4358974358974359,343.5897435897436,6.704196769071785
0.4615384615384615,343.5897435897436,6.720977556233438
0.48717948717948717,343.5897435897436,6.734381212449239
0.5128205128205128,343.5897435897436,6.744407737719186
0.5384615384615384,343.5897435897436,6.751057132043282
0.5641025641025641,343.5897435897436,6.754329395421527
0.5897435897435898,343.5897435897436,6.754224527853919
0.6153846153846154,343.5897435897436,6.750742529340458
0.641025641025641,343.5897435897436,6.743883399881147
0.6666666666666666,343.5897435897436,6.733647139475982
0.6923076923076923,343.5897435897436,6.7200337481249655
0.717948717948718,343.5897435897436,6.703043225828097
0.7435897435897436,343.5897435897436,6.682675572585377
0.7692307692307692,343.5897435897436,6.6589307883968045
0.7948717948717948,343.5897435897436,6.63180887326238
0.8205128205128205,343.5897435897436,6.601309827182104
0.8461538461538461,343.5897435897436,6.567433650155975
0.8717948717948718,343.5897435897436,6.530180342183994
0.8974358974358974,343.5897435897436,6.489549903266162
0.923076923076923,343.5897435897436,6.445542333402476
0.9487179487179487,343.5897435897436,6.398157632592938
0.9743589743589743,343.5897435897436,6.347395800837549
1.0,343.5897435897436,6.293256838136308
0.0,364.1025641025641,5.880661783074825
0.02564102564102564,364.1025641025641,5.95578966173819
0.05128205128205128,364.1025641025641,6.027540409455703
0.07692307692307693,364.1025641025641,6.095914026227364
0.10256410256410256,364.1025641025641,6.160910512053172
0.1282051282051282,364.1025641025641,6.222529866933129
0.15384615384615385,364.1025641025641,6.280772090867233
0.1794871794871795,364.1025641025641,6.335637183855486
0.20512820512820512,364.1025641025641,6.387125145897886
0.23076923076923075,364.1025641025641,6.435235976994434
0.2564102564102564,364.1025641025641,6.479969677145131
0.28205128205128205,364.1025641025641,6.521326246349974
0.3076923076923077,364.1025641025641,6.559305684608966
0.3333333333333333,364.1025641025641,6.593907991922107
0.358974358974359,364.1025641025641,6.625133168289395
0.3846153846153846,364.1025641025641,6.65298121371083
0.41025641025641024,364.1025641025641,6.677452128186414
0.4358974358974359,364.1025641025641,6.698545911716145
0.4615384615384615,364.1025641025641,6.716262564300025
0.48717948717948717,364.1025641025641,6.730602085938052
0.5128205128205128,364.1025641025641,6.741564476630228
0.5384615384615384,364.1025641025641,6.749149736376552
0.5641025641025641,364.1025641025641,6.753357865177023
0.5897435897435898,364.1025641025641,6.754188863031642
0.6153846153846154,364.1025641025641,6.751642729940409
0.641025641025641,364.1025641025641,6.745719465903324
0.6666666666666666,364.1025641025641,6.736419070920387
0.6923076923076923,364.1025641025641,6.723741544991598
0.717948717948718,364.1025641025641,6.707686888116957
0.7435897435897436,364.1025641025641,6.688255100296463
0.7692307692307692,364.1025641025641,6.665446181530118
0.7948717948717948,364.1025641025641,6.639260131817921
0.8205128205128205,364.1025641025641,6.609696951159871
0.8461538461538461,364.1025641025641,6.5767566395559705
0.8717948717948718,364.1025641025641,6.540439197006217
0.8974358974358974,364.1025641025641,6.500744623510611
0.923076923076923,364.1025641025641,6.457672919069153
0.9487179487179487,364.1025641025641,6.411224083681843
0.9743589743589743,364.1025641025641,6.36139811734868
1.0,364.1025641025641,6.308195020069666
0.0,384.61538461538464,5.856522748923418
0.02564102564102564,384.61538461538464,5.932586493009011
0.05128205128205128,384.61538461538464,6.005273106148751
0.07692307692307693,384.61538461538464,6.074582588342639
0.10256410256410256,384.61538461538464,6.140514939590674
0.1282051282051282,384.61538461538464,6.203070159892858
0.15384615384615385,384.61538461538464,6.26224824924919
0.1794871794871795,384.61538461538464,6.318049207659669
0.20512820512820512,384.61538461538464,6.370473035124297
0.23076923076923075,384.61538461538464,6.4195197316430725
0.2564102564102564,384.61538461538464,6.4651892972159954
0.28205128205128205,384.61538461538464,6.507481731843067
0.3076923076923077,384.61538461538464,6.546397035524286
0.3333333333333333,384.61538461538464,6.581935208259654
0.358974358974359,384.61538461538464,6.614096250049169
0.3846153846153846,384.61538461538464,6.642880160892831
0.41025641025641024,384.61538461538464,6.668286940790643
0.4358974358974359,384.61538461538464,6.690316589742602
0.4615384615384615,384.61538461538464,6.708969107748708
0.48717948717948717,384.61538461538464,6.724244494808963
0.5128205128205128,384.61538461538464,6.736142750923365
0.5384615384615384,384.61538461538464,6.744663876091916
0.5641025641025641,384.61538461538464,6.749807870314615
0.5897435897435898,384.61538461538464,6.751574733591461
0.6153846153846154,384.61538461538464,6.749964465922456
0.641025641025641,384.61538461538464,6.744977067307598
0.6666666666666666,384.61538461538464,6.736612537746888
0.6923076923076923,384.61538461538464,6.724870877240326
0.717948717948718,384.61538461538464,6.709752085787912
0.7435897435897436,384.61538461538464,6.691256163389646
0.7692307692307692,384.61538461538464,6.669383110045528
0.7948717948717948,384.61538461538464,6.644132925755558
0.8205128205128205,384.61538461538464,6.615505610519736
0.8461538461538461,384.61538461538464,6.583501164338061
0.8717948717948718,384.61538461538464,6.548119587210535
0.8974358974358974,384.61538461538464,6.509360879137157
0.923076923076923,384.61538461538464,6.467225040117926
0.9487179487179487,384.61538461538464,6.421712070152843
0.9743589743589743,384.61538461538464,6.372821969241908
1.0,384.61538461538464,6.320554737385121
0.0,405.12820512820514,5.829805250154108
0.02564102564102564,405.12820512820514,5.906804859661928
0.05128205128205128,405.12820512820514,5.980427338223896
0.07692307692307693,405.12820512820514,6.050672685840011
0.10256410256410256,405.12820512820514,6.117540902510274
0.1282051282051282,405.12820512820514,6.181031988234684
0.15384615384615385,405.12820512820514,6.241145943013243
0.1794871794871795,405.12820512820514,6.29788276684595
0.20512820512820512,405.12820512820514,6.351242459732805
0.23076923076923075,405.12820512820514,6.401225021673808
0.2564102564102564,405.12820512820514,6.447830452668959
0.28205128205128205,405.12820512820514,6.491058752718257
0.3076923076923077,405.12820512820514,6.530909921821704
0.3333333333333333,405.12820512820514,6.567383959979297
0.358974358974359,405.12820512820514,6.60048086719104
0.3846153846153846,405.12820512820514,6.63020064345693
0.41025641025641024,405.12820512820514,6.656543288776969
0.4358974358974359,405.12820512820514,6.679508803151155
0.4615384615384615,405.12820512820514,6.699097186579489
0.48717948717948717,405.12820512820514,6.715308439061971
0.5128205128205128,405.12820512820514,6.7281425605986
0.5384615384615384,405.12820512820514,6.737599551189378
0.5641025641025641,405.12820512820514,6.743679410834304
0.5897435897435898,405.12820512820514,6.746382139533377
0.6153846153846154,405.12820512820514,6.745707737286599
0.641025641025641,405.12820512820514,6.741656204093969
0.6666666666666666,405.12820512820514,6.734227539955486
0.6923076923076923,405.12820512820514,6.723421744871151
0.717948717948718,405.12820512820514,6.709238818840964
0.7435897435897436,405.12820512820514,6.691678761864925
0.7692307692307692,405.12820512820514,6.670741573943035
0.7948717948717948,405.12820512820514,6.6464272550752925
0.8205128205128205,405.12820512820514,6.618735805261697
0.8461538461538461,405.12820512820514,6.58766722450225
0.8717948717948718,405.12820512820514,6.553221512796951
0.8974358974358974,405.12820512820514,6.5153986701457995
0.923076923076923,405.12820512820514,6.474198696548796
0.9487179487179487,405.12820512820514,6.42962159200594
0.9743589743589743,405.12820512820514,6.381667356517233
1.0,405.12820512820514,6.3303359900826734
0.0,425.64102564102564,5.800509286766896
0.02564102564102564,425.64102564102564,5.878444761696944
0.05128205128205128,425.64102564102564,5.953003105681138
0.07692307692307693,425.64102564102564,6.024184318719481
0.10256410256410256,425.64102564102564,6.09198840081197
0.1282051282051282,425.64102564102564,6.156415351958609
0.15384615384615385,425.64102564102564,6.217465172159395
0.1794871794871795,425.64102564102564,6.275137861414329
0.20512820512820512,425.64102564102564,6.329433419723411
0.23076923076923075,425.64102564102564,6.380351847086641
0.2564102564102564,425.64102564102564,6.4278931435040185
0.28205128205128205,425.64102564102564,6.472057308975544
0.3076923076923077,425.64102564102564,6.512844343501218
0.3333333333333333,425.64102564102564,6.55025424708104
0.358974358974359,425.64102564102564,6.58428701971501
0.3846153846153846,425.64102564102564,6.614942661403126
0.41025641025641024,425.64102564102564,6.642221172145392
0.4358974358974359,425.64102564102564,6.666122551941806
0.4615384615384615,425.64102564102564,6.686646800792366
0.48717948717948717,425.64102564102564,6.703793918697076
0.5128205128205128,425.64102564102564,6.717563905655933
0.5384615384615384,425.64102564102564,6.727956761668938
0.5641025641025641,425.64102564102564,6.7349724867360905
0.5897435897435898,425.64102564102564,6.738611080857392
0.6153846153846154,425.64102564102564,6.738872544032841
0.641025641025641,425.64102564102564,6.735756876262437
0.6666666666666666,425.64102564102564,6.729264077546182
0.6923076923076923,425.64102564102564,6.719394147884074
0.717948717948718,425.64102564102564,6.706147087276115
0.7435897435897436,425.64102564102564,6.689522895722303
0.7692307692307692,425.64102564102564,6.66952157322264
0.7948717948717948,425.64102564102564,6.646143119777125
0.8205128205128205,425.64102564102564,6.619387535385756
0.8461538461538461,425.64102564102564,6.589254820048536
0.8717948717948718,425.64102564102564,6.5557449737654645
0.8974358974358974,425.64102564102564,6.518857996536541
0.923076923076923,425.64102564102564,6.478593888361764
0.9487179487179487,425.64102564102564,6.4349526492411355
0.9743589743589743,425.64102564102564,6.387934279174655
1.0,425.64102564102564,6.337538778162323
0.0,446.1538461538462,5.768634858761781
0.02564102564102564,446.1538461538462,5.847506199114054
0.05128205128205128,446.1538461538462,5.923000408520477
0.07692307692307693,446.1538461538462,5.995117486981046
0.10256410256410256,446.1538461538462,6.063857434495763
0.1282051282051282,446.1538461538462,6.12922025106463
0.15384615384615385,446.1538461538462,6.191205936687642
0.1794871794871795,446.1538461538462,6.249814491364804
0.20512820512820512,446.1538461538462,6.3050459150961125
0.23076923076923075,446.1538461538462,6.35690020788157
0.2564102564102564,446.1538461538462,6.405377369721176
0.28205128205128205,446.1538461538462,6.450477400614928
0.3076923076923077,446.1538461538462,6.492200300562829
0.3333333333333333,446.1538461538462,6.530546069564878
0.358974358974359,446.1538461538462,6.565514707621075
0.3846153846153846,446.1538461538462,6.597106214731419
0.41025641025641024,446.1538461538462,6.625320590895912
0.4358974358974359,446.1538461538462,6.650157836114553
0.4615384615384615,446.1538461538462,6.671617950387341
0.48717948717948717,446.1538461538462,6.689700933714278
0.5128205128205128,446.1538461538462,6.704406786095361
0.5384615384615384,446.1538461538462,6.715735507530594
0.5641025641025641,446.1538461538462,6.723687098019973
0.5897435897435898,446.1538461538462,6.728261557563502
0.6153846153846154,446.1538461538462,6.729458886161178
0.641025641025641,446.1538461538462,6.727279083813002
0.6666666666666666,446.1538461538462,6.721722150518974
0.6923076923076923,446.1538461538462,6.712788086279093
0.717948717948718,446.1538461538462,6.700476891093361
0.7435897435897436,446.1538461538462,6.684788564961776
0.7692307692307692,446.1538461538462,6.66572310788434
0.7948717948717948,446.1538461538462,6.643280519861053
0.8205128205128205,446.1538461538462,6.617460800891911
0.8461538461538461,446.1538461538462,6.588263950976919
0.8717948717948718,446.1538461538462,6.555689970116074
0.8974358974358974,446.1538461538462,6.519738858309378
0.923076923076923,446.1538461538462,6.480410615556829
0.9487179487179487,446.1538461538462,6.437705241858427
0.9743589743589743,446.1538461538462,6.391622737214174
1.0,446.1538461538462,6.3421631016240685
0.0,466.6666666666667,5.734181966138762
0.02564102564102564,466.6666666666667,5.8139891719132635
0.05128205128205128,466.6666666666667,5.890419246741913
0.07692307692307693,466.6666666666667,5.963472190624709
0.10256410256410256,466.6666666666667,6.033148003561654
0.1282051282051282,466.6666666666667,6.0994466855527465
0.15384615384615385,466.6666666666667,6.162368236597987
0.1794871794871795,466.6666666666667,6.221912656697375
0.20512820512820512,466.6666666666667,6.278079945850912
0.23076923076923075,466.6666666666667,6.330870104058596
0.2564102564102564,466.6666666666667,6.380283131320429
0.28205128205128205,466.6666666666667,6.426319027636409
0.3076923076923077,466.6666666666667,6.468977793006537
0.3333333333333333,466.6666666666667,6.508259427430813
0.358974358974359,466.6666666666667,6.544163930909237
0.3846153846153846,466.6666666666667,6.576691303441809
0.41025641025641024,466.6666666666667,6.605841545028529
0.4358974358974359,466.6666666666667,6.631614655669396
0.4615384615384615,466.6666666666667,6.654010635364412
0.48717948717948717,466.6666666666667,6.6730294841135755
0.5128205128205128,466.6666666666667,6.688671201916887
0.5384615384615384,466.6666666666667,6.700935788774347
0.5641025641025641,466.6666666666667,6.709823244685954
0.5897435897435898,466.6666666666667,6.715333569651709
0.6153846153846154,466.6666666666667,6.717466763671612
0.641025641025641,466.6666666666667,6.716222826745664
0.6666666666666666,466.6666666666667,6.711601758873862
0.6923076923076923,466.6666666666667,6.70360356005621
0.717948717948718,466.6666666666667,6.692228230292704
0.7435897435897436,466.6666666666667,6.6774757695833475
0.7692307692307692,466.6666666666667,6.659346177928138
0.7948717948717948,466.6666666666667,6.637839455327078
0.8205128205128205,466.6666666666667,6.612955601780164
0.8461538461538461,466.6666666666667,6.584694617287398
0.8717948717948718,466.6666666666667,6.553056501848781
0.8974358974358974,466.6666666666667,6.518041255464311
0.923076923076923,466.6666666666667,6.47964887813399
0.9487179487179487,466.6666666666667,6.437879369857815
0.9743589743589743,466.6666666666667,6.39273273063579
1.0,466.6666666666667,6.3442089604679115
0.0,487.1794871794872,5.697150608897841
0.02564102564102564,487.1794871794872,5.777893680094571
0.05128205128205128,487.1794871794872,5.855259620345446
0.07692307692307693,487.1794871794872,5.92924842965047
0.10256410256410256,487.1794871794872,5.999860108009642
0.1282051282051282,487.1794871794872,6.067094655422962
0.15384615384615385,487.1794871794872,6.130952071890429
0.1794871794871795,487.1794871794872,6.191432357412045
0.20512820512820512,487.1794871794872,6.248535511987809
0.23076923076923075,487.1794871794872,6.3022615356177205
0.2564102564102564,487.1794871794872,6.352610428301779
0.28205128205128205,487.1794871794872,6.399582190039988
0.3076923076923077,487.1794871794872,6.443176820832343
0.3333333333333333,487.1794871794872,6.483394320678846
0.358974358974359,487.1794871794872,6.520234689579497
0.3846153846153846,487.1794871794872,6.553697927534296
0.41025641025641024,487.1794871794872,6.5837840345432435
0.4358974358974359,487.1794871794872,6.610493010606338
0.4615384615384615,487.1794871794872,6.6338248557235815
0.48717948717948717,487.1794871794872,6.653779569894972
0.5128205128205128,487.1794871794872,6.67035715312051
0.5384615384615384,487.1794871794872,6.683557605400197
0.5641025641025641,487.1794871794872,6.693380926734032
0.5897435897435898,487.1794871794872,6.699827117122014
0.6153846153846154,487.1794871794872,6.702896176564145
0.641025641025641,487.1794871794872,6.702588105060424
0.6666666666666666,487.1794871794872,6.6989029026108495
0.6923076923076923,487.1794871794872,6.691840569215423
0.717948717948718,487.1794871794872,6.681401104874145
0.7435897435897436,487.1794871794872,6.667584509587016
0.7692307692307692,487.1794871794872,6.650390783354034
0.7948717948717948,487.1794871794872,6.6298199261752
0.8205128205128205,487.1794871794872,6.605871938050514
0.8461538461538461,487.1794871794872,6.578546818979976
0.8717948717948718,487.1794871794872,6.547844568963585
0.8974358974358974,487.1794871794872,6.513765188001344
0.923076923076923,487.1794871794872,6.4763086760932485
0.9487179487179487,487.1794871794872,6.435475033239301
0.9743589743589743,487.1794871794872,6.391264259439502
1.0,487.1794871794872,6.343676354693852
0.0,507.69230769230774,5.657540787039017
0.02564102564102564,507.69230769230774,5.739219723657972
0.05128205128205128,507.69230769230774,5.817521529331076
0.07692307692307693,507.69230769230774,5.892446204058327
0.10256410256410256,507.69230769230774,5.963993747839726
0.1282051282051282,507.69230769230774,6.032164160675273
0.15384615384615385,507.69230769230774,6.096957442564968
0.1794871794871795,507.69230769230774,6.158373593508811
0.20512820512820512,507.69230769230774,6.216412613506802
0.23076923076923075,507.69230769230774,6.271074502558941
0.2564102564102564,507.69230769230774,6.322359260665228
0.28205128205128205,507.69230769230774,6.370266887825662
0.3076923076923077,507.69230769230774,6.414797384040244
0.3333333333333333,507.69230769230774,6.455950749308975
0.358974358974359,507.69230769230774,6.493726983631854
0.3846153846153846,507.69230769230774,6.5281260870088795
0.41025641025641024,507.69230769230774,6.559148059440054
0.4358974358974359,507.69230769230774,6.586792900925376
0.4615384615384615,507.69230769230774,6.611060611464846
0.48717948717948717,507.69230769230774,6.631951191058464
0.5128205128205128,507.69230769230774,6.64946463970623
0.5384615384615384,507.69230769230774,6.6636009574081445
0.5641025641025641,507.69230769230774,6.674360144164206
0.5897435897435898,507.69230769230774,6.6817421999744155
0.6153846153846154,507.69230769230774,6.685747124838773
0.641025641025641,507.69230769230774,6.686374918757279
0.6666666666666666,507.69230769230774,6.683625581729932
0.6923076923076923,507.69230769230774,6.677499113756734
0.717948717948718,507.69230769230774,6.667995514837683
0.7435897435897436,507.69230769230774,6.65511478497278
0.7692307692307692,507.69230769230774,6.638856924162026
0.7948717948717948,507.69230769230774,6.619221932405419
0.8205128205128205,507.69230769230774,6.59620980970296
0.8461538461538461,507.69230769230774,6.5698205560546485
0.8717948717948718,507.69230769230774,6.540054171460486
0.8974358974358974,507.69230769230774,6.506910655920471
0.923076923076923,507.69230769230774,6.470390009434603
0.9487179487179487,507.69230769230774,6.430492232002884
0.9743589743589743,507.69230769230774,6.387217323625312
1.0,507.69230769230774,6.3405652843018885
0.0,528.2051282051282,5.615352500562289
0.02564102564102564,528.2051282051282,5.697967302603472
0.05128205128205128,528.2051282051282,5.777204973698803
0.07692307692307693,528.2051282051282,5.853065513848281
0.10256410256410256,528.2051282051282,5.925548923051907
0.1282051282051282,528.2051282051282,5.994655201309682
0.15384615384615385,528.2051282051282,6.060384348621604
0.1794871794871795,528.2051282051282,6.122736364987674
0.20512820512820512,528.2051282051282,6.181711250407892
0.23076923076923075,528.2051282051282,6.237309004882258
0.2564102564102564,528.2051282051282,6.289529628410771
0.28205128205128205,528.2051282051282,6.338373120993434
0.3076923076923077,528.2051282051282,6.383839482630243
0.3333333333333333,528.2051282051282,6.425928713321201
0.358974358974359,528.2051282051282,6.464640813066307
0.3846153846153846,528.2051282051282,6.49997578186556
0.41025641025641024,528.2051282051282,6.531933619718962
0.4358974358974359,528.2051282051282,6.560514326626511
0.4615384615384615,528.2051282051282,6.585717902588208
0.48717948717948717,528.2051282051282,6.607544347604054
0.5128205128205128,528.2051282051282,6.6259936616740465
0.5384615384615384,528.2051282051282,6.641065844798188
0.5641025641025641,528.2051282051282,6.652760896976477
0.5897435897435898,528.2051282051282,6.661078818208914
0.6153846153846154,528.2051282051282,6.666019608495499
0.641025641025641,528.2051282051282,6.667583267836232
0.6666666666666666,528.2051282051282,6.665769796231112
0.6923076923076923,528.2051282051282,6.660579193680141
0.717948717948718,528.2051282051282,6.652011460183317
0.7435897435897436,528.2051282051282,6.640066595740642
0.7692307692307692,528.2051282051282,6.624744600352114
0.7948717948717948,528.2051282051282,6.606045474017735
0.8205128205128205,528.2051282051282,6.583969216737503
0.8461538461538461,528.2051282051282,6.558515828511419
0.8717948717948718,528.2051282051282,6.5296853093394835
0.8974358974358974,528.2051282051282,6.497477659221696
0.923076923076923,528.2051282051282,6.461892878158055
0.9487179487179487,528.2051282051282,6.422930966148563
0.9743589743589743,528.2051282051282,6.380591923193219
1.0,528.2051282051282,6.3348757492920225
0.0,548.7179487179487,5.570585749467658
0.02564102564102564,548.7179487179487,5.654136416931068
0.05128205128205128,548.7179487179487,5.734309953448626
0.07692307692307693,548.7179487179487,5.811106359020332
0.10256410256410256,548.7179487179487,5.884525633646185
0.1282051282051282,548.7179487179487,5.954567777326187
0.15384615384615385,548.7179487179487,6.021232790060336
0.1794871794871795,548.7179487179487,6.084520671848633
0.20512820512820512,548.7179487179487,6.144431422691079
0.23076923076923075,548.7179487179487,6.200965042587672
0.2564102564102564,548.7179487179487,6.254121531538414
0.28205128205128205,548.7179487179487,6.303900889543303
0.3076923076923077,548.7179487179487,6.35030311660234
0.3333333333333333,548.7179487179487,6.393328212715524
0.358974358974359,548.7179487179487,6.432976177882857
0.3846153846153846,548.7179487179487,6.469247012104337
0.41025641025641024,548.7179487179487,6.502140715379967
0.4358974358974359,548.7179487179487,6.531657287709743
0.4615384615384615,548.7179487179487,6.557796729093668
0.48717948717948717,548.7179487179487,6.580559039531741
0.5128205128205128,548.7179487179487,6.59994421902396
0.5384615384615384,548.7179487179487,6.615952267570329
0.5641025641025641,548.7179487179487,6.628583185170845
0.5897435897435898,548.7179487179487,6.637836971825509
0.6153846153846154,548.7179487179487,6.643713627534321
0.641025641025641,548.7179487179487,6.646213152297282
0.6666666666666666,548.7179487179487,6.6453355461143895
0.6923076923076923,548.7179487179487,6.641080808985644
0.717948717948718,548.7179487179487,6.633448940911048
0.7435897435897436,548.7179487179487,6.6224399418906
0.7692307692307692,548.7179487179487,6.6080538119243
0.7948717948717948,548.7179487179487,6.590290551012148
0.8205128205128205,548.7179487179487,6.569150159154144
0.8461538461538461,548.7179487179487,6.544632636350287
0.8717948717948718,548.7179487179487,6.516737982600578
0.8974358974358974,548.7179487179487,6.485466197905017
0.923076923076923,548.7179487179487,6.450817282263604
0.9487179487179487,548.7179487179487,6.412791235676339
0.9743589743589743,548.7179487179487,6.371388058143222
1.0,548.7179487179487,6.326607749664253
0.0,569.2307692307693,5.523240533755124
0.02564102564102564,569.2307692307693,5.607727066640762
0.05128205128205128,569.2307692307693,5.688836468580547
0.07692307692307693,569.2307692307693,5.76656873957448
0.10256410256410256,569.2307692307693,5.84092387962256
0.1282051282051282,569.2307692307693,5.911901888724789
0.15384615384615385,569.2307692307693,5.979502766881166
0.1794871794871795,569.2307692307693,6.0437265140916905
0.20512820512820512,569.2307692307693,6.104573130356362
0.23076923076923075,569.2307692307693,6.162042615675183
0.2564102564102564,569.2307692307693,6.216134970048151
0.28205128205128205,569.2307692307693,6.266850193475268
0.3076923076923077,569.2307692307693,6.314188285956532
0.3333333333333333,569.2307692307693,6.358149247491944
0.358974358974359,569.2307692307693,6.398733078081505
0.3846153846153846,569.2307692307693,6.435939777725212
0.41025641025641024,569.2307692307693,6.469769346423068
0.4358974358974359,569.2307692307693,6.500221784175072
0.4615384615384615,569.2307692307693,6.527297090981223
0.48717948717948717,569.2307692307693,6.5509952668415234
0.5128205128205128,569.2307692307693,6.571316311755971
0.5384615384615384,569.2307692307693,6.588260225724567
0.5641025641025641,569.2307692307693,6.60182700874731
0.5897435897435898,569.2307692307693,6.612016660824201
0.6153846153846154,569.2307692307693,6.618829181955241
0.641025641025641,569.2307692307693,6.622264572140428
0.6666666666666666,569.2307692307693,6.622322831379763
0.6923076923076923,569.2307692307693,6.619003959673246
0.717948717948718,569.2307692307693,6.612307957020877
0.7435897435897436,569.2307692307693,6.6022348234226556
0.7692307692307692,569.2307692307693,6.588784558878583
0.7948717948717948,569.2307692307693,6.571957163388658
0.8205128205128205,569.2307692307693,6.55175263695288
0.8461538461538461,569.2307692307693,6.528170979571251
0.8717948717948718,569.2307692307693,6.50121219124377
0.8974358974358974,569.2307692307693,6.470876271970437
0.923076923076923,569.2307692307693,6.43716322175125
0.9487179487179487,569.2307692307693,6.4000730405862125
0.9743589743589743,569.2307692307693,6.359605728475323
1.0,569.2307692307693,6.315761285418581
0.0,589.7435897435898,5.473316853424688
0.02564102564102564,589.7435897435898,5.558739251732551
0.05128205128205128,589.7435897435898,5.640784519094565
0.07692307692307693,589.7435897435898,5.719452655510724
0.10256410256410256,589.7435897435898,5.794743660981032
0.1282051282051282,589.7435897435898,5.866657535505489
0.15384615384615385,589.7435897435898,5.935194279084092
0.1794871794871795,589.7435897435898,6.000353891716844
0.20512820512820512,589.7435897435898,6.062136373403743
0.23076923076923075,589.7435897435898,6.1205417241447915
0.2564102564102564,589.7435897435898,6.175569943939988
0.28205128205128205,589.7435897435898,6.2272210327893305
0.3076923076923077,589.7435897435898,6.275494990692822
0.3333333333333333,589.7435897435898,6.320391817650461
0.358974358974359,589.7435897435898,6.361911513662249
0.3846153846153846,589.7435897435898,6.400054078728183
0.41025641025641024,589.7435897435898,6.434819512848267
0.4358974358974359,589.7435897435898,6.466207816022498
0.4615384615384615,589.7435897435898,6.494218988250877
0.48717948717948717,589.7435897435898,6.518853029533404
0.5128205128205128,589.7435897435898,6.540109939870078
0.5384615384615384,589.7435897435898,6.557989719260902
0.5641025641025641,589.7435897435898,6.5724923677058715
0.5897435897435898,589.7435897435898,6.5836178852049905
0.6153846153846154,589.7435897435898,6.5913662717582575
0.641025641025641,589.7435897435898,6.595737527365672
0.6666666666666666,589.7435897435898,6.596731652027234
0.6923076923076923,589.7435897435898,6.594348645742944
0.717948717948718,589.7435897435898,6.588588508512802
0.7435897435897436,589.7435897435898,6.579451240336808
0.7692307692307692,589.7435897435898,6.566936841214963
0.7948717948717948,589.7435897435898,6.5510453111472655
0.8205128205128205,589.7435897435898,6.531776650133715
0.8461538461538461,589.7435897435898,6.509130858174313
0.8717948717948718,589.7435897435898,6.483107935269058
0.8974358974358974,589.7435897435898,6.4537078814179525
0.923076923076923,589.7435897435898,6.420930696620994
0.9487179487179487,589.7435897435898,6.384776380878183
0.9743589743589743,589.7435897435898,6.3452449341895205
1.0,589.7435897435898,6.3023363565550055
0.0,610.2564102564103,5.420814708476348
0.02564102564102564,610.2564102564103,5.5071729722064395
0.05128205128205128,610.2564102564103,5.590154104990679
0.07692307692307693,610.2564102564103,5.669758106829066
0.10256410256410256,610.2564102564103,5.745984977721601
0.1282051282051282,610.2564102564103,5.818834717668285
0.15384615384615385,610.2564102564103,5.888307326669116
0.1794871794871795,610.2564102564103,5.9544028047240944
0.20512820512820512,610.2564102564103,6.017121151833222
0.23076923076923075,610.2564102564103,6.076462367996497
0.2564102564102564,610.2564102564103,6.132426453213919
0.28205128205128205,610.2564102564103,6.18501340748549
0.3076923076923077,610.2564102564103,6.234223230811208
0.3333333333333333,610.2564102564103,6.2800559231910755
0.358974358974359,610.2564102564103,6.32251148462509
0.3846153846153846,610.2564102564103,6.361589915113252
0.41025641025641024,610.2564102564103,6.397291214655563
0.4358974358974359,610.2564102564103,6.42961538325202
0.4615384615384615,610.2564102564103,6.458562420902627
0.48717948717948717,610.2564102564103,6.484132327607381
0.5128205128205128,610.2564102564103,6.506325103366283
0.5384615384615384,610.2564102564103,6.525140748179333
0.5641025641025641,610.2564102564103,6.540579262046531
0.5897435897435898,610.2564102564103,6.552640644967877
0.6153846153846154,610.2564102564103,6.56132489694337
0.641025641025641,610.2564102564103,6.566632017973013
0.6666666666666666,610.2564102564103,6.5685620080568015
0.6923076923076923,610.2564102564103,6.567114867194739
0.717948717948718,610.2564102564103,6.562290595386824
0.7435897435897436,610.2564102564103,6.554089192633058
0.7692307692307692,610.2564102564103,6.542510658933439
0.7948717948717948,610.2564102564103,6.527554994287969
0.8205128205128205,610.2564102564103,6.509222198696646
0.8461538461538461,610.2564102564103,6.487512272159471
0.8717948717948718,610.2564102564103,6.462425214676444
0.8974358974358974,610.2564102564103,6.433961026247565
0.923076923076923,610.2564102564103,6.402119706872834
0.9487179487179487,610.2564102564103,6.36690125655225
0.9743589743589743,610.2564102564103,6.328305675285814
1.0,610.2564102564103,6.286332963073527
0.0,630.7692307692308,5.365734098910105
0.02564102564102564,630.7692307692308,5.453028228062425
0.05128205128205128,630.7692307692308,5.536945226268891
0.07692307692307693,630.7692307692308,5.617485093529505
0.10256410256410256,630.7692307692308,5.694647829844268
0.1282051282051282,630.7692307692308,5.768433435213178
0.15384615384615385,630.7692307692308,5.838841909636236
0.1794871794871795,630.7692307692308,5.905873253113442
0.20512820512820512,630.7692307692308,5.969527465644797
0.23076923076923075,630.7692307692308,6.029804547230299
0.2564102564102564,630.7692307692308,6.086704497869948
0.28205128205128205,630.7692307692308,6.140227317563747
0.3076923076923077,630.7692307692308,6.190373006311693
0.3333333333333333,630.7692307692308,6.237141564113786
0.358974358974359,630.7692307692308,6.280532990970028
0.3846153846153846,630.7692307692308,6.320547286880418
0.41025641025641024,630.7692307692308,6.357184451844955
0.4358974358974359,630.7692307692308,6.3904444858636404
0.4615384615384615,630.7692307692308,6.4203273889364745
0.48717948717948717,630.7692307692308,6.446833161063456
0.5128205128205128,630.7692307692308,6.469961802244584
0.5384615384615384,630.7692307692308,6.489713312479862
0.5641025641025641,630.7692307692308,6.506087691769287
0.5897435897435898,630.7692307692308,6.51908494011286
0.6153846153846154,630.7692307692308,6.528705057510581
0.641025641025641,630.7692307692308,6.5349480439624505
0.6666666666666666,630.7692307692308,6.537813899468467
0.6923076923076923,630.7692307692308,6.537302624028631
0.717948717948718,630.7692307692308,6.533414217642943
0.7435897435897436,630.7692307692308,6.526148680311405
0.7692307692307692,630.7692307692308,6.515506012034013
0.7948717948717948,630.7692307692308,6.50148621281077
0.8205128205128205,630.7692307692308,6.4840892826416745
0.8461538461538461,630.7692307692308,6.463315221526726
0.8717948717948718,630.7692307692308,6.4391640294659265
0.8974358974358974,630.7692307692308,6.411635706459275
0.923076923076923,630.7692307692308,6.380730252506771
0.9487179487179487,630.7692307692308,6.346447667608414
0.9743589743589743,630.7692307692308,6.308787951764206
1.0,630.7692307692308,6.267751104974146
0.0,651.2820512820513,5.30807502472596
0.02564102564102564,651.2820512820513,5.396305019300505
0.05128205128205128,651.2820512820513,5.4811578829292
0.07692307692307693,651.2820512820513,5.562633615612041
0.10256410256410256,651.2820512820513,5.64073221734903
0.1282051282051282,651.2820512820513,5.715453688140168
0.15384615384615385,651.2820512820513,5.786798027985454
0.1794871794871795,651.2820512820513,5.854765236884887
0.20512820512820512,651.2820512820513,5.9193553148384686
0.23076923076923075,651.2820512820513,5.980568261846198
0.2564102564102564,651.2820512820513,6.038404077908075
0.28205128205128205,651.2820512820513,6.0928627630241
0.3076923076923077,651.2820512820513,6.143944317194273
0.3333333333333333,651.2820512820513,6.191648740418595
0.358974358974359,651.2820512820513,6.235976032697064
0.3846153846153846,651.2820512820513,6.27692619402968
0.41025641025641024,651.2820512820513,6.314499224416445
0.4358974358974359,651.2820512820513,6.3486951238573575
0.4615384615384615,651.2820512820513,6.379513892352418
0.48717948717948717,651.2820512820513,6.4069555299016265
0.5128205128205128,651.2820512820513,6.431020036504983
0.5384615384615384,651.2820512820513,6.451707412162488
0.5641025641025641,651.2820512820513,6.46901765687414
0.5897435897435898,651.2820512820513,6.48295077063994
0.6153846153846154,651.2820512820513,6.493506753459888
0.641025641025641,651.2820512820513,6.5006856053339845
0.6666666666666666,651.2820512820513,6.504487326262228
0.6923076923076923,651.2820512820513,6.5049119162446205
0.717948717948718,651.2820512820513,6.50195937528116
0.7435897435897436,651.2820512820513,6.495629703371848
0.7692307692307692,651.2820512820513,6.485922900516684
0.7948717948717948,651.2820512820513,6.472838966715668
0.8205128205128205,651.2820512820513,6.456377901968799
0.8461538461538461,651.2820512820513,6.436539706276078
0.8717948717948718,651.2820512820513,6.413324379637507
0.8974358974358974,651.2820512820513,6.386731922053082
0.923076923076923,651.2820512820513,6.356762333522805
0.9487179487179487,651.2820512820513,6.3234156140466755
0.9743589743589743,651.2820512820513,6.286691763624694
1.0,651.2820512820513,6.246590782256861
0.0,671.7948717948718,5.2478374859239105
0.02564102564102564,671.7948717948718,5.337003345920684
0.05128205128205128,671.7948717948718,5.422792074971605
0.07692307692307693,671.7948717948718,5.505203673076674
0.10256410256410256,671.7948717948718,5.5842381402358905
0.1282051282051282,671.7948717948718,5.659895476449256
0.15384615384615385,671.7948717948718,5.732175681716768
0.1794871794871795,671.7948717948718,5.801078756038429
0.20512820512820512,671.7948717948718,5.866604699414237
0.23076923076923075,671.7948717948718,5.928753511844194
0.2564102564102564,671.7948717948718,5.987525193328298
0.28205128205128205,671.7948717948718,6.042919743866551
0.3076923076923077,671.7948717948718,6.094937163458951
0.3333333333333333,671.7948717948718,6.143577452105499
0.358974358974359,671.7948717948718,6.188840609806196
0.3846153846153846,671.7948717948718,6.230726636561039
0.41025641025641024,671.7948717948718,6.269235532370032
0.4358974358974359,671.7948717948718,6.3043672972331715
0.4615384615384615,671.7948717948718,6.336121931150459
0.48717948717948717,671.7948717948718,6.364499434121895
0.5128205128205128,671.7948717948718,6.389499806147478
0.5384615384615384,671.7948717948718,6.4111230472272105
0.5641025641025641,671.7948717948718,6.42936915736109
0.5897435897435898,671.7948717948718,6.444238136549117
0.6153846153846154,671.7948717948718,6.455729984791293
0.641025641025641,671.7948717948718,6.463844702087616
0.6666666666666666,671.7948717948718,6.468582288438087
0.6923076923076923,671.7948717948718,6.469942743842706
0.717948717948718,671.7948717948718,6.467926068301473
0.7435897435897436,671.7948717948718,6.462532261814388
0.7692307692307692,671.7948717948718,6.453761324381452
0.7948717948717948,671.7948717948718,6.441613256002663
0.8205128205128205,671.7948717948718,6.426088056678021
0.8461538461538461,671.7948717948718,6.407185726407528
0.8717948717948718,671.7948717948718,6.384906265191183
0.8974358974358974,671.7948717948718,6.359249673028986
0.923076923076923,671.7948717948718,6.330215949920936
0.9487179487179487,671.7948717948718,6.297805095867034
0.9743589743589743,671.7948717948718,6.26201711086728
1.0,671.7948717948718,6.222851994921674
0.0,692.3076923076924,5.1850214825039584
0.02564102564102564,692.3076923076924,5.275123207922959
0.05128205128205128,692.3076923076924,5.361847802396108
0.07692307692307693,692.3076923076924,5.445195265923404
0.10256410256410256,692.3076923076924,5.525165598504848
0.1282051282051282,692.3076923076924,5.60175880014044
0.15384615384615385,692.3076923076924,5.674974870830179
0.1794871794871795,692.3076923076924,5.744813810574067
0.20512820512820512,692.3076923076924,5.811275619372103
0.23076923076923075,692.3076923076924,5.874360297224287
0.2564102564102564,692.3076923076924,5.934067844130619
0.28205128205128205,692.3076923076924,5.990398260091099
0.3076923076923077,692.3076923076924,6.043351545105726
0.3333333333333333,692.3076923076924,6.092927699174501
0.358974358974359,692.3076923076924,6.139126722297425
0.3846153846153846,692.3076923076924,6.1819486144744955
0.41025641025641024,692.3076923076924,6.221393375705715
0.4358974358974359,692.3076923076924,6.2574610059910825
0.4615384615384615,692.3076923076924,6.290151505330598
0.48717948717948717,692.3076923076924,6.319464873724261
0.5128205128205128,692.3076923076924,6.3454011111720705
0.5384615384615384,692.3076923076924,6.36796021767403
0.5641025641025641,692.3076923076924,6.387142193230137
0.5897435897435898,692.3076923076924,6.402947037840391
0.6153846153846154,692.3076923076924,6.415374751504794
0.641025641025641,692.3076923076924,6.424425334223345
0.6666666666666666,692.3076923076924,6.4300987859960435
0.6923076923076923,692.3076923076924,6.432395106822889
0.717948717948718,692.3076923076924,6.431314296703883
0.7435897435897436,692.3076923076924,6.426856355639026
0.7692307692307692,692.3076923076924,6.419021283628316
0.7948717948717948,692.3076923076924,6.407809080671755
0.8205128205128205,692.3076923076924,6.393219746769341
0.8461538461538461,692.3076923076924,6.375253281921075
0.8717948717948718,692.3076923076924,6.353909686126956
0.8974358974358974,692.3076923076924,6.329188959386986
0.923076923076923,692.3076923076924,6.3010911017011635
0.9487179487179487,692.3076923076924,6.269616113069489
0.9743589743589743,692.3076923076924,6.2347639934919625
1.0,692.3076923076924,6.196534742968584
0.0,712.8205128205128,5.119627014466104
0.02564102564102564,712.8205128205128,5.210664605307332
0.05128205128205128,712.8205128205128,5.298325065202707
0.07692307692307693,712.8205128205128,5.382608394152231
0.10256410256410256,712.8205128205128,5.463514592155901
0.1282051282051282,712.8205128205128,5.541043659213721
0.15384615384615385,712.8205128205128,5.615195595325688
0.1794871794871795,712.8205128205128,5.6859704004918035
0.20512820512820512,712.8205128205128,5.753368074712066
0.23076923076923075,712.8205128205128,5.817388617986477
0.2564102564102564,712.8205128205128,5.878032030315036
0.28205128205128205,712.8205128205128,5.935298311697743
0.3076923076923077,712.8205128205128,5.9891874621345975
0.3333333333333333,712.8205128205128,6.0396994816256
0.358974358974359,712.8205128205128,6.0868343701707515
0.3846153846153846,712.8205128205128,6.130592127770049
0.41025641025641024,712.8205128205128,6.170972754423496
0.4358974358974359,712.8205128205128,6.2079762501310904
0.4615384615384615,712.8205128205128,6.241602614892832
0.48717948717948717,712.8205128205128,6.271851848708723
0.5128205128205128,712.8205128205128,6.2987239515787605
0.5384615384615384,712.8205128205128,6.322218923502947
0.5641025641025641,712.8205128205128,6.3423367644812805
0.5897435897435898,712.8205128205128,6.359077474513763
0.6153846153846154,712.8205128205128,6.372441053600393
0.641025641025641,712.8205128205128,6.38242750174117
0.6666666666666666,712.8205128205128,6.389036818936096
0.6923076923076923,712.8205128205128,6.392269005185169
0.717948717948718,712.8205128205128,6.392124060488391
0.7435897435897436,712.8205128205128,6.38860198484576
0.7692307692307692,712.8205128205128,6.381702778257278
0.7948717948717948,712.8205128205128,6.371426440722944
0.8205128205128205,712.8205128205128,6.357772972242756
0.8461538461538461,712.8205128205128,6.340742372816718
0.8717948717948718,712.8205128205128,6.320334642444827
0.8974358974358974,712.8205128205128,6.296549781127084
0.923076923076923,712.8205128205128,6.269387788863488
0.9487179487179487,712.8205128205128,6.238848665654041
0.9743589743589743,712.8205128205128,6.204932411498742
1.0,712.8205128205128,6.16763902639759
0.0,733.3333333333334,5.051654081810345
0.02564102564102564,733.3333333333334,5.143627538073799
0.05128205128205128,733.3333333333334,5.232223863391403
0.07692307692307693,733.3333333333334,5.317443057763154
0.10256410256410256,733.3333333333334,5.399285121189052
0.1282051282051282,733.3333333333334,5.477750053669099
0.15384615384615385,733.3333333333334,5.552837855203292
0.1794871794871795,733.3333333333334,5.624548525791635
0.20512820512820512,733.3333333333334,5.692882065434125
0.23076923076923075,733.3333333333334,5.7578384741307636
0.2564102564102564,733.3333333333334,5.81941775188155
0.28205128205128205,733.3333333333334,5.877619898686484
0.3076923076923077,733.3333333333334,5.932444914545566
0.3333333333333333,733.3333333333334,5.983892799458795
0.358974358974359,733.3333333333334,6.0319635534261735
0.3846153846153846,733.3333333333334,6.076657176447698
0.41025641025641024,733.3333333333334,6.117973668523373
0.4358974358974359,733.3333333333334,6.1559130296531945
0.4615384615384615,733.3333333333334,6.1904752598371635
0.48717948717948717,733.3333333333334,6.2216603590752815
0.5128205128205128,733.3333333333334,6.249468327367546
0.5384615384615384,733.3333333333334,6.27389916471396
0.5641025641025641,733.3333333333334,6.29495287111452
0.5897435897435898,733.3333333333334,6.31262944656923
0.6153846153846154,733.3333333333334,6.326928891078087
0.641025641025641,733.3333333333334,6.337851204641092
0.6666666666666666,733.3333333333334,6.345396387258245
0.6923076923076923,733.3333333333334,6.349564438929545
0.717948717948718,733.3333333333334,6.350355359654994
0.7435897435897436,733.3333333333334,6.3477691494345905
0.7692307692307692,733.3333333333334,6.341805808268336
0.7948717948717948,733.3333333333334,6.332465336156229
0.8205128205128205,733.3333333333334,6.319747733098269
0.8461538461538461,733.3333333333334,6.303652999094457
0.8717948717948718,733.3333333333334,6.284181134144793
0.8974358974358974,733.3333333333334,6.261332138249278
0.923076923076923,733.3333333333334,6.235106011407909
0.9487179487179487,733.3333333333334,6.2055027536206895
0.9743589743589743,733.3333333333334,6.172522364887618
1.0,733.3333333333334,6.136164845208693
0.0,753.8461538461539,4.981102684536684
0.02564102564102564,753.8461538461539,5.074012006222366
0.05128205128205128,753.8461538461539,5.163544196962197
0.07692307692307693,753.8461538461539,5.249699256756174
0.10256410256410256,753.8461538461539,5.3324771856043
0.1282051282051282,753.8461538461539,5.411877983506574
0.15384615384615385,753.8461538461539,5.487901650462995
0.1794871794871795,753.8461538461539,5.560548186473564
0.20512820512820512,753.8461538461539,5.629817591538282
0.23076923076923075,753.8461538461539,5.695709865657148
0.2564102564102564,753.8461538461539,5.758225008830161
0.28205128205128205,753.8461538461539,5.817363021057322
0.3076923076923077,753.8461538461539,5.873123902338631
0.3333333333333333,753.8461538461539,5.925507652674089
0.358974358974359,753.8461538461539,5.9745142720636935
0.3846153846153846,753.8461538461539,6.020143760507446
0.41025641025641024,753.8461538461539,6.062396118005347
0.4358974358974359,753.8461538461539,6.101271344557396
0.4615384615384615,753.8461538461539,6.136769440163593
0.48717948717948717,753.8461538461539,6.168890404823937
0.5128205128205128,753.8461538461539,6.19763423853843
0.5384615384615384,753.8461538461539,6.22300094130707
0.5641025641025641,753.8461538461539,6.244990513129859
0.5897435897435898,753.8461538461539,6.263602954006795
0.6153846153846154,753.8461538461539,6.278838263937879
0.641025641025641,753.8461538461539,6.290696442923112
0.6666666666666666,753.8461538461539,6.299177490962491
0.6923076923076923,753.8461538461539,6.30428140805602
0.717948717948718,753.8461538461539,6.306008194203695
0.7435897435897436,753.8461538461539,6.30435784940552
0.7692307692307692,753.8461538461539,6.299330373661491
0.7948717948717948,753.8461538461539,6.290925766971611
0.8205128205128205,753.8461538461539,6.279144029335879
0.8461538461538461,753.8461538461539,6.263985160754294
0.8717948717948718,753.8461538461539,6.245449161226858
0.8974358974358974,753.8461538461539,6.22353603075357
0.923076923076923,753.8461538461539,6.198245769334429
0.9487179487179487,753.8461538461539,6.169578376969436
0.9743589743589743,753.8461538461539,6.13753385365859
1.0,753.8461538461539,6.102112199401894
0.0,774.3589743589744,4.907972822645121
0.02564102564102564,774.3589743589744,5.0018180097530305
0.05128205128205128,774.3589743589744,5.092286065915087
0.07692307692307693,774.3589743589744,5.179376991131292
0.10256410256410256,774.3589743589744,5.263090785401645
0.1282051282051282,774.3589743589744,5.343427448726146
0.15384615384615385,774.3589743589744,5.420386981104794
0.1794871794871795,774.3589743589744,5.493969382537591
0.20512820512820512,774.3589743589744,5.564174653024536
0.23076923076923075,774.3589743589744,5.631002792565629
0.2564102564102564,774.3589743589744,5.6944538011608685
0.28205128205128205,774.3589743589744,5.754527678810258
0.3076923076923077,774.3589743589744,5.811224425513794
0.3333333333333333,774.3589743589744,5.864544041271478
0.358974358974359,774.3589743589744,5.91448652608331
0.3846153846153846,774.3589743589744,5.961051879949291
0.41025641025641024,774.3589743589744,6.004240102869419
0.4358974358974359,774.3589743589744,6.044051194843695
0.4615384615384615,774.3589743589744,6.080485155872119
0.48717948717948717,774.3589743589744,6.113541985954691
0.5128205128205128,774.3589743589744,6.14322168509141
0.5384615384615384,774.3589743589744,6.169524253282278
0.5641025641025641,774.3589743589744,6.192449690527294
0.5897435897435898,774.3589743589744,6.211997996826457
0.6153846153846154,774.3589743589744,6.2281691721797685
0.641025641025641,774.3589743589744,6.240963216587229
0.6666666666666666,774.3589743589744,6.2503801300488355
0.6923076923076923,774.3589743589744,6.25641991256459
0.717948717948718,774.3589743589744,6.259082564134493
0.7435897435897436,774.3589743589744,6.258368084758545
0.7692307692307692,774.3589743589744,6.254276474436744
0.7948717948717948,774.3589743589744,6.246807733169091
0.8205128205128205,774.3589743589744,6.2359618609555865
0.8461538461538461,774.3589743589744,6.221738857796229
0.8717948717948718,774.3589743589744,6.2041387236910195
0.8974358974358974,774.3589743589744,6.183161458639958
0.923076923076923,774.3589743589744,6.158807062643045
0.9487179487179487,774.3589743589744,6.131075535700279
0.9743589743589743,774.3589743589744,6.099966877811661
1.0,774.3589743589744,6.065481088977191
0.0,794.8717948717949,4.832264496135653
0.02564102564102564,794.8717948717949,4.927045548665789
0.05128205128205128,794.8717948717949,5.018449470250074
0.07692307692307693,794.8717948717949,5.106476260888506
0.10256410256410256,794.8717948717949,5.191125920581086
0.1282051282051282,794.8717948717949,5.272398449327814
0.15384615384615385,794.8717948717949,5.3502938471286905
0.1794871794871795,794.8717948717949,5.424812113983714
0.20512820512820512,794.8717948717949,5.495953249892886
0.23076923076923075,794.8717948717949,5.563717254856206
0.2564102564102564,794.8717948717949,5.628104128873674
0.28205128205128205,794.8717948717949,5.689113871945289
0.3076923076923077,794.8717948717949,5.7467464840710525
0.3333333333333333,794.8717948717949,5.801001965250965
0.358974358974359,794.8717948717949,5.851880315485024
0.3846153846153846,794.8717948717949,5.899381534773231
0.41025641025641024,794.8717948717949,5.943505623115587
0.4358974358974359,794.8717948717949,5.98425258051209
0.4615384615384615,794.8717948717949,6.021622406962741
0.48717948717948717,794.8717948717949,6.05561510246754
0.5128205128205128,794.8717948717949,6.086230667026487
0.5384615384615384,794.8717948717949,6.113469100639582
0.5641025641025641,794.8717948717949,6.137330403306825
0.5897435897435898,794.8717948717949,6.157814575028215
0.6153846153846154,794.8717948717949,6.174921615803754
0.641025641025641,794.8717948717949,6.188651525633441
0.6666666666666666,794.8717948717949,6.199004304517275
0.6923076923076923,794.8717948717949,6.205979952455258
0.717948717948718,794.8717948717949,6.209578469447388
0.7435897435897436,794.8717948717949,6.209799855493666
0.7692307692307692,794.8717948717949,6.206644110594093
0.7948717948717948,794.8717948717949,6.200111234748667
0.8205128205128205,794.8717948717949,6.190201227957389
0.8461538461538461,794.8717948717949,6.176914090220259
0.8717948717948718,794.8717948717949,6.160249821537278
0.8974358974358974,794.8717948717949,6.140208421908444
0.923076923076923,794.8717948717949,6.116789891333757
0.9487179487179487,794.8717948717949,6.089994229813218
0.9743589743589743,794.8717948717949,6.0598214373468275
1.0,794.8717948717949,6.026271513934585
0.0,815.3846153846155,4.753977705008283
0.02564102564102564,815.3846153846155,4.849694622960647
0.05128205128205128,815.3846153846155,4.9420344099671585
0.07692307692307693,815.3846153846155,5.030997066027818
0.10256410256410256,815.3846153846155,5.116582591142625
0.1282051282051282,815.3846153846155,5.198790985311581
0.15384615384615385,815.3846153846155,5.2776222485346835
0.1794871794871795,815.3846153846155,5.353076380811935
0.20512820512820512,815.3846153846155,5.425153382143334
0.23076923076923075,815.3846153846155,5.493853252528881
0.2564102564102564,815.3846153846155,5.5591759919685755
0.28205128205128205,815.3846153846155,5.621121600462419
0.3076923076923077,815.3846153846155,5.67969007801041
0.3333333333333333,815.3846153846155,5.734881424612548
0.358974358974359,815.3846153846155,5.786695640268835
0.3846153846153846,815.3846153846155,5.835132724979269
0.41025641025641024,815.3846153846155,5.880192678743852
0.4358974358974359,815.3846153846155,5.921875501562583
0.4615384615384615,815.3846153846155,5.960181193435461
0.48717948717948717,815.3846153846155,5.995109754362487
0.5128205128205128,815.3846153846155,6.026661184343661
0.5384615384615384,815.3846153846155,6.054835483378984
0.5641025641025641,815.3846153846155,6.0796326514684536
0.5897435897435898,815.3846153846155,6.1010526886120715
0.6153846153846154,815.3846153846155,6.119095594809838
0.641025641025641,815.3846153846155,6.133761370061752
0.6666666666666666,815.3846153846155,6.145050014367813
0.6923076923076923,815.3846153846155,6.1529615277280225
0.717948717948718,815.3846153846155,6.15749591014238
0.7435897435897436,815.3846153846155,6.158653161610886
0.7692307692307692,815.3846153846155,6.1564332821335395
0.7948717948717948,815.3846153846155,6.150836271710341
0.8205128205128205,815.3846153846155,6.14186213034129
0.8461538461538461,815.3846153846155,6.1295108580263875
0.8717948717948718,815.3846153846155,6.113782454765633
0.8974358974358974,815.3846153846155,6.094676920559026
0.923076923076923,815.3846153846155,6.072194255406567
0.9487179487179487,815.3846153846155,6.046334459308255
0.9743589743589743,815.3846153846155,6.017097532264092
1.0,815.3846153846155,5.984483474274077
0.0,835.8974358974359,4.67311244926301
0.02564102564102564,835.8974358974359,4.7697652326376
0.05128205128205128,835.8974358974359,4.86304088506634
0.07692307692307693,835.8974358974359,4.952939406549227
0.10256410256410256,835.8974358974359,5.039460797086261
0.1282051282051282,835.8974358974359,5.122605056677444
0.15384615384615385,835.8974358974359,5.2023721853227745
0.1794871794871795,835.8974358974359,5.278762183022252
0.20512820512820512,835.8974358974359,5.3517750497758785
0.23076923076923075,835.8974358974359,5.421410785583653
0.2564102564102564,835.8974358974359,5.487669390445576
0.28205128205128205,835.8974358974359,5.550550864361646
0.3076923076923077,835.8974358974359,5.610055207331864
0.3333333333333333,835.8974358974359,5.666182419356229
0.358974358974359,835.8974358974359,5.718932500434743
0.3846153846153846,835.8974358974359,5.7683054505674045
0.41025641025641024,835.8974358974359,5.814301269754215
0.4358974358974359,835.8974358974359,5.8569199579951725
0.4615384615384615,835.8974358974359,5.896161515290278
0.48717948717948717,835.8974358974359,5.932025941639532
0.5128205128205128,835.8974358974359,5.964513237042932
0.5384615384615384,835.8974358974359,5.993623401500482
0.5641025641025641,835.8974358974359,6.019356435012179
0.5897435897435898,835.8974358974359,6.041712337578025
0.6153846153846154,835.8974358974359,6.060691109198018
0.641025641025641,835.8974358974359,6.0762927498721595
0.6666666666666666,835.8974358974359,6.088517259600448
0.6923076923076923,835.8974358974359,6.097364638382884
0.717948717948718,835.8974358974359,6.102834886219469
0.7435897435897436,835.8974358974359,6.104928003110202
0.7692307692307692,835.8974358974359,6.103643989055083
0.7948717948717948,835.8974358974359,6.098982844054112
0.8205128205128205,835.8974358974359,6.090944568107289
0.8461538461538461,835.8974358974359,6.079529161214612
0.8717948717948718,835.8974358974359,6.064736623376085
0.8974358974358974,835.8974358974359,6.046566954591706
0.923076923076923,835.8974358974359,6.0250201548614735
0.9487179487179487,835.8974358974359,6.0000962241853895
0.9743589743589743,835.8974358974359,5.9717951625634536
1.0,835.8974358974359,5.940116969995666
0.0,856.4102564102565,4.5896687288998335
0.02564102564102564,856.4102564102565,4.6872573776966515
0.05128205128205128,856.4102564102565,4.781468895547618
0.07692307692307693,856.4102564102565,4.872303282452732
0.10256410256410256,856.4102564102565,4.9597605384119925
0.1282051282051282,856.4102564102565,5.043840663425403
0.15384615384615385,856.4102564102565,5.124543657492961
0.1794871794871795,856.4102564102565,5.201869520614666
0.20512820512820512,856.4102564102565,5.275818252790519
0.23076923076923075,856.4102564102565,5.346389854020521
0.2564102564102564,856.4102564102565,5.41358432430467
0.28205128205128205,856.4102564102565,5.477401663642968
0.3076923076923077,856.4102564102565,5.537841872035413
0.3333333333333333,856.4102564102565,5.5949049494820065
0.358974358974359,856.4102564102565,5.648590895982748
0.3846153846153846,856.4102564102565,5.698899711537636
0.41025641025641024,856.4102564102565,5.745831396146674
0.4358974358974359,856.4102564102565,5.7893859498098585
0.4615384615384615,856.4102564102565,5.829563372527191
0.48717948717948717,856.4102564102565,5.866363664298672
0.5128205128205128,856.4102564102565,5.8997868251243
0.5384615384615384,856.4102564102565,5.9298328550040775
0.5641025641025641,856.4102564102565,5.956501753938001
0.5897435897435898,856.4102564102565,5.979793521926074
0.6153846153846154,856.4102564102565,5.999708158968295
0.641025641025641,856.4102564102565,6.0162456650646625
0.6666666666666666,856.4102564102565,6.029406040215179
0.6923076923076923,856.4102564102565,6.039189284419843
0.717948717948718,856.4102564102565,6.045595397678655
0.7435897435897436,856.4102564102565,6.048624379991614
0.7692307692307692,856.4102564102565,6.048276231358723
0.7948717948717948,856.4102564102565,6.044550951779979
0.8205128205128205,856.4102564102565,6.037448541255382
0.8461538461538461,856.4102564102565,6.026968999784934
0.8717948717948718,856.4102564102565,6.013112327368634
0.8974358974358974,856.4102564102565,5.995878524006481
0.923076923076923,856.4102564102565,5.975267589698476
0.9487179487179487,856.4102564102565,5.95127952444462
0.9743589743589743,856.4102564102565,5.923914328244911
1.0,856.4102564102565,5.89317200109935
0.0,876.923076923077,4.503646543918753
0.02564102564102564,876.923076923077,4.6021710581378
0.05128205128205128,876.923076923077,4.697318441410992
0.07692307692307693,876.923076923077,4.789088693738334
0.10256410256410256,876.923076923077,4.877481815119822
0.1282051282051282,876.923076923077,4.96249780555546
0.15384615384615385,876.923076923077,5.044136665045244
0.1794871794871795,876.923076923077,5.122398393589177
0.20512820512820512,876.923076923077,5.197282991187257
0.23076923076923075,876.923076923077,5.268790457839486
0.2564102564102564,876.923076923077,5.336920793545864
0.28205128205128205,876.923076923077,5.4016739983063875
0.3076923076923077,876.923076923077,5.46305007212106
0.3333333333333333,876.923076923077,5.52104901498988
0.358974358974359,876.923076923077,5.575670826912849
0.3846153846153846,876.923076923077,5.626915507889964
0.41025641025641024,876.923076923077,5.674783057921229
0.4358974358974359,876.923076923077,5.719273477006642
0.4615384615384615,876.923076923077,5.760386765146201
0.48717948717948717,876.923076923077,5.79812292233991
0.5128205128205128,876.923076923077,5.832481948587764
0.5384615384615384,876.923076923077,5.863463843889769
0.5641025641025641,876.923076923077,5.89106860824592
0.5897435897435898,876.923076923077,5.91529624165622
0.6153846153846154,876.923076923077,5.936146744120668
0.641025641025641,876.923076923077,5.953620115639263
0.6666666666666666,876.923076923077,5.967716356212007
0.6923076923076923,876.923076923077,5.978435465838897
0.717948717948718,876.923076923077,5.985777444519937
0.7435897435897436,876.923076923077,5.989742292255124
0.7692307692307692,876.923076923077,5.99033000904446
0.7948717948717948,876.923076923077,5.9875405948879425
0.8205128205128205,876.923076923077,5.981374049785574
0.8461538461538461,876.923076923077,5.971830373737353
0.8717948717948718,876.923076923077,5.958909566743279
0.8974358974358974,876.923076923077,5.942611628803355
0.923076923076923,876.923076923077,5.922936559917576
0.9487179487179487,876.923076923077,5.899884360085947
0.9743589743589743,876.923076923077,5.873455029308465
1.0,876.923076923077,5.843648567585132
0.0,897.4358974358975,4.415045894319771
0.02564102564102564,897.4358974358975,4.514506273961044
0.05128205128205128,897.4358974358975,4.610589522656465
0.07692307692307693,897.4358974358975,4.703295640406034
0.10256410256410256,897.4358974358975,4.792624627209749
0.1282051282051282,897.4358974358975,4.878576483067613
0.15384615384615385,897.4358974358975,4.961151207979626
0.1794871794871795,897.4358974358975,5.040348801945785
0.20512820512820512,897.4358974358975,5.116169264966094
0.23076923076923075,897.4358974358975,5.1886125970405494
0.2564102564102564,897.4358974358975,5.257678798169153
0.28205128205128205,897.4358974358975,5.323367868351905
0.3076923076923077,897.4358974358975,5.385679807588804
0.3333333333333333,897.4358974358975,5.4446146158798525
0.358974358974359,897.4358974358975,5.500172293225048
0.3846153846153846,897.4358974358975,5.552352839624391
0.41025641025641024,897.4358974358975,5.601156255077883
0.4358974358974359,897.4358974358975,5.646582539585522
0.4615384615384615,897.4358974358975,5.688631693147309
0.48717948717948717,897.4358974358975,5.727303715763244
0.5128205128205128,897.4358974358975,5.762598607433327
0.5384615384615384,897.4358974358975,5.794516368157558
0.5641025641025641,897.4358974358975,5.823056997935938
0.5897435897435898,897.4358974358975,5.848220496768464
0.6153846153846154,897.4358974358975,5.870006864655139
0.641025641025641,897.4358974358975,5.888416101595962
0.6666666666666666,897.4358974358975,5.903448207590932
0.6923076923076923,897.4358974358975,5.915103182640051
0.717948717948718,897.4358974358975,5.923381026743317
0.7435897435897436,897.4358974358975,5.928281739900731
0.7692307692307692,897.4358974358975,5.929805322112294
0.7948717948717948,897.4358974358975,5.9279517733780045
0.8205128205128205,897.4358974358975,5.922721093697863
0.8461538461538461,897.4358974358975,5.914113283071869
0.8717948717948718,897.4358974358975,5.902128341500023
0.8974358974358974,897.4358974358975,5.886766268982325
0.923076923076923,897.4358974358975,5.868027065518774
0.9487179487179487,897.4358974358975,5.845910731109372
0.9743589743589743,897.4358974358975,5.820417265754117
1.0,897.4358974358975,5.7915466694530116
0.0,917.948717948718,4.323866780102886
0.02564102564102564,917.948717948718,4.424263025166386
0.05128205128205128,917.948717948718,4.521282139284033
0.07692307692307693,917.948717948718,4.614924122455829
0.10256410256410256,917.948717948718,4.705188974681772
0.1282051282051282,917.948717948718,4.792076695961864
0.15384615384615385,917.948717948718,4.875587286296103
0.1794871794871795,917.948717948718,4.9557207456844905
0.20512820512820512,917.948717948718,5.0324770741270255
0.23076923076923075,917.948717948718,5.105856271623709
0.2564102564102564,917.948717948718,5.175858338174539
0.28205128205128205,917.948717948718,5.242483273779519
0.3076923076923077,917.948717948718,5.3057310784386456
0.3333333333333333,917.948717948718,5.36560175215192
0.358974358974359,917.948717948718,5.422095294919343
0.3846153846153846,917.948717948718,5.475211706740914
0.41025641025641024,917.948717948718,5.5249509876166325
0.4358974358974359,917.948717948718,5.571313137546499
0.4615384615384615,917.948717948718,5.614298156530514
0.48717948717948717,917.948717948718,5.653906044568676
0.5128205128205128,917.948717948718,5.6901368016609855
0.5384615384615384,917.948717948718,5.722990427807444
0.5641025641025641,917.948717948718,5.7524669230080505
0.5897435897435898,917.948717948718,5.778566287262804
0.6153846153846154,917.948717948718,5.801288520571706
0.641025641025641,917.948717948718,5.820633622934757
0.6666666666666666,917.948717948718,5.836601594351954
0.6923076923076923,917.948717948718,5.8491924348232995
0.717948717948718,917.948717948718,5.858406144348793
0.7435897435897436,917.948717948718,5.864242722928435
0.7692307692307692,917.948717948718,5.866702170562225
0.7948717948717948,917.948717948718,5.8657844872501625
0.8205128205128205,917.948717948718,5.861489672992247
0.8461538461538461,917.948717948718,5.853817727788481
0.8717948717948718,917.948717948718,5.842768651638862
0.8974358974358974,917.948717948718,5.828342444543392
0.923076923076923,917.948717948718,5.810539106502069
0.9487179487179487,917.948717948718,5.789358637514893
0.9743589743589743,917.948717948718,5.764801037581866
1.0,917.948717948718,5.736866306702987
0.0,938.4615384615386,4.230109201268098
0.02564102564102564,938.4615384615386,4.331441311753824
0.05128205128205128,938.4615384615386,4.4293962912937
0.07692307692307693,938.4615384615386,4.523974139887723
0.10256410256410256,938.4615384615386,4.615174857535893
0.1282051282051282,938.4615384615386,4.702998444238212
0.15384615384615385,938.4615384615386,4.787444899994679
0.1794871794871795,938.4615384615386,4.868514224805293
0.20512820512820512,938.4615384615386,4.946206418670055
0.23076923076923075,938.4615384615386,5.020521481588966
0.2564102564102564,938.4615384615386,5.091459413562024
0.28205128205128205,938.4615384615386,5.15902021458923
0.3076923076923077,938.4615384615386,5.223203884670584
0.3333333333333333,938.4615384615386,5.2840104238060865
0.358974358974359,938.4615384615386,5.341439831995737
0.3846153846153846,938.4615384615386,5.395492109239534
0.41025641025641024,938.4615384615386,5.44616725553748
0.4358974358974359,938.4615384615386,5.4934652708895735
0.4615384615384615,938.4615384615386,5.537386155295815
0.48717948717948717,938.4615384615386,5.577929908756205
0.5128205128205128,938.4615384615386,5.615096531270742
0.5384615384615384,938.4615384615386,5.648886022839428
0.5641025641025641,938.4615384615386,5.679298383462261
0.5897435897435898,938.4615384615386,5.706333613139242
0.6153846153846154,938.4615384615386,5.729991711870372
0.641025641025641,938.4615384615386,5.750272679655649
0.6666666666666666,938.4615384615386,5.7671765164950735
0.6923076923076923,938.4615384615386,5.780703222388647
0.717948717948718,938.4615384615386,5.790852797336368
0.7435897435897436,938.4615384615386,5.7976252413382365
0.7692307692307692,938.4615384615386,5.8010205543942535
0.7948717948717948,938.4615384615386,5.8010387365044185
0.8205128205128205,938.4615384615386,5.797679787668731
0.8461538461538461,938.4615384615386,5.790943707887191
0.8717948717948718,938.4615384615386,5.7808304971598
0.8974358974358974,938.4615384615386,5.767340155486557
0.923076923076923,938.4615384615386,5.750472682867461
0.9487179487179487,938.4615384615386,5.730228079302512
0.9743589743589743,938.4615384615386,5.706606344791712
1.0,938.4615384615386,5.67960747933506
0.0,958.974358974359,4.133773157815406
0.02564102564102564,958.974358974359,4.2360411337233606
0.05128205128205128,958.974358974359,4.3349319786854625
0.07692307692307693,958.974358974359,4.430445692701713
0.10256410256410256,958.974358974359,4.52258227577211
0.1282051282051282,958.974358974359,4.611341727896656
0.15384615384615385,958.974358974359,4.69672404907535
0.1794871794871795,958.974358974359,4.778729239308191
0.20512820512820512,958.974358974359,4.857357298595181
0.23076923076923075,958.974358974359,4.932608226936319
0.2564102564102564,958.974358974359,5.004482024331604
0.28205128205128205,958.974358974359,5.072978690781038
0.3076923076923077,958.974358974359,5.138098226284619
0.3333333333333333,958.974358974359,5.199840630842348
0.358974358974359,958.974358974359,5.2582059044542255
0.3846153846153846,958.974358974359,5.31319404712025
0.41025641025641024,958.974358974359,5.364805058840424
0.4358974358974359,958.974358974359,5.4130389396147445
0.4615384615384615,958.974358974359,5.457895689443213
0.48717948717948717,958.974358974359,5.49937530832583
0.5128205128205128,958.974358974359,5.5374777962625945
0.5384615384615384,958.974358974359,5.572203153253508
0.5641025641025641,958.974358974359,5.603551379298568
0.5897435897435898,958.974358974359,5.6315224743977765
0.6153846153846154,958.974358974359,5.656116438551133
0.641025641025641,958.974358974359,5.677333271758638
0.6666666666666666,958.974358974359,5.69517297402029
0.6923076923076923,958.974358974359,5.70963554533609
0.717948717948718,958.974358974359,5.720720985706038
0.7435897435897436,958.974358974359,5.728429295130134
0.7692307692307692,958.974358974359,5.732760473608378
0.7948717948717948,958.974358974359,5.7337145211407705
0.8205128205128205,958.974358974359,5.73129143772731
0.8461538461538461,958.974358974359,5.725491223367998
0.8717948717948718,958.974358974359,5.7163138780628335
0.8974358974358974,958.974358974359,5.703759401811817
0.923076923076923,958.974358974359,5.6878277946149485
0.9487179487179487,958.974358974359,5.668519056472228
0.9743589743589743,958.974358974359,5.645833187383655
1.0,958.974358974359,5.61977018734923
0.0,979.4871794871796,4.034858649744811
0.02564102564102564,979.4871794871796,4.138062491074992
0.05128205128205128,979.4871794871796,4.237889201459322
0.07692307692307693,979.4871794871796,4.3343387808978
0.10256410256410256,979.4871794871796,4.427411229390424
0.1282051282051282,979.4871794871796,4.517106546937198
0.15384615384615385,979.4871794871796,4.603424733538119
0.1794871794871795,979.4871794871796,4.686365789193187
0.20512820512820512,979.4871794871796,4.765929713902404
0.23076923076923075,979.4871794871796,4.842116507665769
0.2564102564102564,979.4871794871796,4.914926170483282
0.28205128205128205,979.4871794871796,4.9843587023549425
0.3076923076923077,979.4871794871796,5.050414103280751
0.3333333333333333,979.4871794871796,5.113092373260707
0.358974358974359,979.4871794871796,5.1723935122948115
0.3846153846153846,979.4871794871796,5.228317520383063
0.41025641025641024,979.4871794871796,5.280864397525464
0.4358974358974359,979.4871794871796,5.3300341437220125
0.4615384615384615,979.4871794871796,5.375826758972709
0.48717948717948717,979.4871794871796,5.418242243277553
0.5128205128205128,979.4871794871796,5.457280596636544
0.5384615384615384,979.4871794871796,5.492941819049684
0.5641025641025641,979.4871794871796,5.525225910516972
0.5897435897435898,979.4871794871796,5.554132871038408
0.6153846153846154,979.4871794871796,5.579662700613992
0.641025641025641,979.4871794871796,5.601815399243724
0.6666666666666666,979.4871794871796,5.620590966927602
0.6923076923076923,979.4871794871796,5.635989403665629
0.717948717948718,979.4871794871796,5.648010709457805
0.7435897435897436,979.4871794871796,5.656654884304128
0.7692307692307692,979.4871794871796,5.6619219282046
0.7948717948717948,979.4871794871796,5.6638118411592195
0.8205128205128205,979.4871794871796,5.6623246231679865
0.8461538461538461,979.4871794871796,5.657460274230901
0.8717948717948718,979.4871794871796,5.649218794347964
0.8974358974358974,979.4871794871796,5.637600183519175
0.923076923076923,979.4871794871796,5.622604441744533
0.9487179487179487,979.4871794871796,5.60423156902404
0.9743589743589743,979.4871794871796,5.5824815653576945
1.0,979.4871794871796,5.557354430745497
0.0,1000.0,3.933365677056314
0.02564102564102564,1000.0,4.037505383808723
0.05128205128205128,1000.0,4.138267959615279
0.07692307692307693,1000.0,4.235653404475984
0.10256410256410256,1000.0,4.329661718390836
0.1282051282051282,1000.0,4.420292901359836
0.15384615384615385,1000.0,4.507546953382985
0.1794871794871795,1000.0,4.591423874460281
0.20512820512820512,1000.0,4.6719236645917235
0.23076923076923075,1000.0,4.749046323777316
0.2564102564102564,1000.0,4.8227918520170565
0.28205128205128205,1000.0,4.893160249310945
0.3076923076923077,1000.0,4.96015151565898
0.3333333333333333,1000.0,5.023765651061163
0.358974358974359,1000.0,5.084002655517496
0.3846153846153846,1000.0,5.140862529027974
0.41025641025641024,1000.0,5.194345271592603
0.4358974358974359,1000.0,5.244450883211378
0.4615384615384615,1000.0,5.2911793638843
0.48717948717948717,1000.0,5.334530713611372
0.5128205128205128,1000.0,5.3745049323925915
0.5384615384615384,1000.0,5.411102020227959
0.5641025641025641,1000.0,5.444321977117474
0.5897435897435898,1000.0,5.474164803061136
0.6153846153846154,1000.0,5.500630498058948
0.641025641025641,1000.0,5.5237190621109065
0.6666666666666666,1000.0,5.543430495217013
0.6923076923076923,1000.0,5.559764797377268
0.717948717948718,1000.0,5.572721968591669
0.7435897435897436,1000.0,5.5823020088602195
0.7692307692307692,1000.0,5.5885049181829185
0.7948717948717948,1000.0,5.591330696559766
0.8205128205128205,1000.0,5.590779343990759
0.8461538461538461,1000.0,5.586850860475902
0.8717948717948718,1000.0,5.579545246015192
0.8974358974358974,1000.0,5.568862500608629
0.923076923076923,1000.0,5.554802624256215
0.9487179487179487,1000.0,5.537365616957949
0.9743589743589743,1000.0,5.516551478713831
1.0,1000.0,5.492360209523861
